FY,Losses Proceeds (ZAR),Losses Base Cost (ZAR),Losses Gain/Loss (ZAR),Gains Proceeds (ZAR),Gains Base Cost (ZAR),Gains Gain/Loss (ZAR),Net Gain/Loss (ZAR),Total Coin Value (ZAR),BCH Units,BCH Value (ZAR),ETH Units,ETH Value (ZAR),XBT Units,XBT Value (ZAR),XRP Units,XRP Value (ZAR),LTC Units,LTC Value (ZAR)
2018,0.00,0.00,0.00,0.00,0.00,0.00,0.00,10817.32,0.00000000,0.00,0.00000000,0.00,0.06877900,10817.32,0.00000000,0.00,0.00000000,0.00
2019,4590.01,5195.86,-605.86,0.00,0.00,0.00,-605.86,10211.54,0.00000000,0.00,0.00000000,0.00,0.07650700,10211.54,0.00000000,0.00,0.00000000,0.00
2020,5308.24,5621.46,-313.22,371.61,302.80,68.82,-244.40,4287.28,0.00000000,0.00,0.00000000,0.00,0.03443400,4287.28,0.00000000,0.00,0.00000000,0.00
2021,0.00,0.00,0.00,23500.00,3850.00,19650.00,19650.00,1937.28,0.00000000,0.00,0.00000000,0.00,0.00243400,1937.28,0.00000000,0.00,0.00000000,0.00
2022,0.00,0.00,0.00,13604.16,8894.63,4709.52,4709.52,30266.70,0.00000000,0.00,0.00000000,0.00,0.03680522,30246.70,0.66400000,20.00,0.00000000,0.00
2023,0.00,0.00,0.00,0.00,0.00,0.00,0.00,34326.52,0.00000000,0.00,0.00000000,0.00,0.04687922,34306.52,0.66400000,20.00,0.00000000,0.00
2024,0.00,0.00,0.00,53751.00,34306.52,19444.48,19444.48,20.00,0.00000000,0.00,0.00000000,0.00,0.19870684,0.00,750.46400000,20.00,0.00000000,0.00
2025,0.00,0.00,0.00,242384.74,20.00,242364.74,242364.74,24999.25,0.00000000,0.00,0.00000000,0.00,0.08339067,24999.25,0.22000000,0.00,0.00000000,0.00
2026,0.00,0.00,0.00,0.00,0.00,0.00,0.00,87839.25,0.00000000,0.00,4.98600000,62840.00,0.08339067,24999.25,0.22000000,0.00,0.00000000,0.00
